0,1.09,4,90,1.048,21, 12.375 ,2,17.35,1,0.72,0.193,0,0
0,1.09,4,90,1.048,21, 12.375 ,2,17.75,1,0.72,0.182,0,0
0,1.09,4,90,1.048,21, 12.375 ,1,17.58,1,0.72,0.185,0,0
0,1.09,4,90,1.048,21, 12.375 ,2,17.35,1,0.72,0.193,0,0
0,1.09,4,90,1.048,21, 12.375 ,2,11.40,2,0.72,0.190,0.72,0.35053
0,1.09,4,90,1.048,21, 12.375 ,2,2.79,1,0.27,0.184,0,0
0,1.09,4,90,1.048,21, 12.375 ,2,4.84,1,0.27,0.189,0,0
0,1.09,4,90,1.048,21, 12.375 ,2,2.64,1,0.27,0.187,0,0
0,1.09,4,90,1.048,21, 12.375 ,2,4.58,1,0.27,0.190,0,0
0,1.09,4,90,1.048,21, 12.375 ,2,4.83,1,0.72,0.241,0,0
0,1.09,4,90,1.048,21, 12.375 ,2,4.84,1,0.27,0.189,0,0
0,1.09,4,90,1.048,21, 12.375 ,2,2.79,1,0.27,0.189,0,0
0,1.09,4,90,1.048,21, 12.375 ,1,4.84,1,0.27,0.190,0,0
0,1.09,4,90,1.048,21, 12.375 ,1,2.79,1,0.27,0.189,0,0
0,1.09,4,90,1.048,21, 12.375 ,4,5.11,1,0.72,0.244,0,0
0,1.09,4,90,1.048,21, 12.375 ,2,11.56,2,0.72,0.351,0.72,0.192189
0,1.09,4,90,1.048,21, 12.375 ,4,5.83,2,0.27,0.243,0.27,0.249048
0,1.09,4,270,1.048,21, 12.375 ,1,17.58,1,0.72,-0.329,0,0
0,1.09,4,270,1.048,21, 12.375 ,4,5.11,1,0.72,-0.323,0,0
0,1.09,4,270,1.048,21, 12.375 ,4,5.83,2,0.27,-0.323,0.27,-0.322836
0,1.09,4,270,1.048,21, 12.375 ,1,4.84,1,0.27,-0.330,0,0
0,1.09,4,270,1.048,21, 12.375 ,2,4.84,1,0.27,-0.330,0,0
0,1.09,4,270,1.048,21, 12.375 ,2,2.79,1,0.27,-0.330,0,0
0,1.09,4,270,1.048,21, 12.375 ,1,2.79,1,0.27,-0.330,0,0
0,1.09,4,270,1.048,21, 12.375 ,2,17.35,1,0.72,-0.335,0,0
0,1.09,4,270,1.048,21, 12.375 ,2,11.56,2,0.72,-0.336,0.72,-0.340591
0,1.09,4,270,1.048,21, 12.375 ,2,5.11,1,0.72,-0.327,0,0
0,1.09,4,270,1.048,21, 12.375 ,2,17.75,1,0.72,-0.330,0,0
0,1.09,4,270,1.048,21, 12.375 ,2,2.79,1,0.27,-0.333,0,0
0,1.09,4,270,1.048,21, 12.375 ,2,4.84,1,0.27,-0.333,0,0
0,1.09,4,270,1.048,21, 12.375 ,2,4.94,1,0.27,-0.334,0,0
0,1.09,4,270,1.048,21, 12.375 ,2,2.79,1,0.27,-0.334,0,0
0,1.09,4,270,1.048,21, 12.375 ,2,17.35,1,0.72,-0.337,0,0
0,1.09,4,270,1.048,21, 12.375 ,2,11.56,2,0.72,-0.337,0.72,-0.342303
0,1.09,4,180,0.916,19, 12.375 ,2,17.75,1,0.72,-0.328,0,0
0,1.09,4,180,0.916,19, 12.375 ,1,17.54,1,0.72,0.158,0,0
0,1.09,4,180,0.916,19, 12.375 ,1,2.79,1,0.27,0.169,0,0
0,1.09,4,180,0.916,19, 12.375 ,1,4.84,1,0.27,0.171,0,0
0,1.09,4,180,0.916,19, 12.375 ,2,4.84,1,0.27,-0.327,0,0
0,1.09,4,180,0.916,19, 12.375 ,2,2.79,1,0.27,-0.328,0,0
0,1.09,4,180,0.916,19, 12.375 ,2,5.11,1,0.72,-0.326,0,0
0,1.09,4,180,0.916,19, 12.375 ,4,5.11,1,0.72,0.259,0,0
0,1.09,4,180,0.916,19, 12.375 ,4,5.83,2,0.27,0.245,0.27,0.240679
0,1.09,4,180,0.916,19, 12.375 ,1,16.99,2,0.72,-0.330,0.72,-0.341273
0,1.09,4,180,0.916,19, 12.375 ,1,2.79,1,0.27,-0.327,0,0
0,1.09,4,180,0.916,19, 12.375 ,1,4.84,1,0.27,-0.327,0,0
0,1.09,4,180,0.916,19, 12.375 ,1,4.84,1,0.27,0.173,0,0
0,1.09,4,180,0.916,19, 12.375 ,1,2.79,1,0.27,0.162,0,0
0,1.09,4,180,0.916,19, 12.375 ,1,16.97,2,0.72,0.053,0.72,-0.346207
0,1.09,4,0,0.916,19, 12.375 ,4,5.11,1,0.72,-0.323,0,0
0,1.09,4,0,0.916,19, 12.375 ,4,5.83,2,0.27,-0.323,0.27,-0.32287
0,1.09,4,0,0.916,19, 12.375 ,2,5.11,1,0.72,0.217,0,0
0,1.09,4,0,0.916,19, 12.375 ,2,17.75,1,0.72,0.172,0,0
0,1.09,4,0,0.916,19, 12.375 ,1,17.58,1,0.72,-0.328,0,0
0,1.09,4,0,0.916,19, 12.375 ,1,2.79,1,0.27,-0.326,0,0
0,1.09,4,0,0.916,19, 12.375 ,1,4.84,1,0.27,-0.326,0,0
0,1.09,4,0,0.916,19, 12.375 ,2,4.84,1,0.27,0.183,0,0
0,1.09,4,0,0.916,19, 12.375 ,2,2.79,1,0.27,0.171,0,0
0,1.09,4,0,0.916,19, 12.375 ,1,4.84,1,0.27,0.184,0,0
0,1.09,4,0,0.916,19, 12.375 ,1,2.79,1,0.27,0.173,0,0
0,1.09,4,0,0.916,19, 12.375 ,1,16.97,2,0.72,0.065,0.72,-0.346687
0,1.09,4,0,0.916,19, 12.375 ,1,4.84,1,0.27,-0.326,0,0
0,1.09,4,0,0.916,19, 12.375 ,1,16.97,2,0.72,-0.329,0.72,-0.34179
0,1.09,4,0,0.916,19, 12.375 ,1,2.79,1,0.27,-0.326,0,0
0,1.09,4,0,0.916,19, 12.375 ,0,160.00,0,,,,
0,1.09,4,90,1.048,21, 12.375 ,2,5.23,2,0.72,0.198,0.72,0.172163
0,1.09,4,90,1.048,21, 12.375 ,2,5.24,2,0.72,0.176,0.27,0.166828
0,1.09,4,90,1.048,21, 12.375 ,2,5.24,2,0.72,0.194,0.27,0.187655
0,1.09,4,90,1.048,21, 12.375 ,1,5.24,2,0.27,0.188,0.72,0.18532
0,1.09,4,0,0.916,19, 12.375 ,1,5.24,2,0.72,0.101,0.27,0.137138
0,1.09,4,0,0.916,19, 12.375 ,1,5.44,2,0.72,-0.330,0.27,-0.327543
0,1.09,4,0,0.916,19, 12.375 ,1,5.23,2,0.72,-0.328,0.27,-0.32703
0,1.09,4,0,0.916,19, 12.375 ,2,5.24,2,0.72,0.150,0.27,0.146821
0,1.09,4,270,1.048,21, 12.375 ,1,5.23,2,0.72,-0.331,0.27,-0.330553
0,1.09,4,270,1.048,21, 12.375 ,2,5.23,2,0.72,-0.336,0.27,-0.331059
0,1.09,4,270,1.048,21, 12.375 ,2,5.23,2,0.72,-0.338,0.27,-0.333569
0,1.09,4,270,1.048,21, 12.375 ,2,5.23,2,0.27,-0.333,0.72,-0.333173
0,1.09,4,180,0.916,19, 12.375 ,2,5.24,2,0.72,-0.328,0.27,-0.328599
0,1.09,4,180,0.916,19, 12.375 ,1,5.23,2,0.72,0.143,0.27,0.137516
0,1.09,4,180,0.916,19, 12.375 ,1,5.23,2,0.72,0.088,0.27,0.130507
0,1.09,4,180,0.916,19, 12.375 ,1,5.23,2,0.72,-0.331,0.27,-0.32912
0,1.09,4,90,1.048,21, 12.375 ,0,26.00,0,,,,
0,1.09,4,270,1.048,21, 12.375 ,0,22.00,0,,,,
0,1.09,4,0,0.916,19, 12.375 ,0,26.00,0,,,,
0,1.09,4,180,0.916,19, 12.375 ,0,22.00,0,,,,
0,1.09,4,90,1.048,21, 39.875 ,2,17.35,1,0.72,0.171,0,0
0,1.09,4,90,1.048,21, 39.875 ,2,17.75,1,0.72,0.219,0,0
0,1.09,4,90,1.048,21, 39.875 ,1,17.58,1,0.72,0.222,0,0
0,1.09,4,90,1.048,21, 39.875 ,2,17.35,1,0.72,0.161,0,0
0,1.09,4,90,1.048,21, 39.875 ,2,11.40,2,0.72,0.171,0.72,0.62
0,1.09,4,90,1.048,21, 39.875 ,2,2.79,1,0.27,0.154,0,0
0,1.09,4,90,1.048,21, 39.875 ,2,4.84,1,0.27,0.154,0,0
0,1.09,4,90,1.048,21, 39.875 ,2,2.64,1,0.27,0.154,0,0
0,1.09,4,90,1.048,21, 39.875 ,2,4.58,1,0.27,0.154,0,0
0,1.09,4,90,1.048,21, 39.875 ,2,4.83,1,0.72,0.214,0,0
0,1.09,4,90,1.048,21, 39.875 ,2,4.84,1,0.27,0.141,0,0
0,1.09,4,90,1.048,21, 39.875 ,2,2.79,1,0.27,0.141,0,0
0,1.09,4,90,1.048,21, 39.875 ,1,4.84,1,0.27,0.141,0,0
0,1.09,4,90,1.048,21, 39.875 ,1,2.79,1,0.27,0.140,0,0
0,1.09,4,90,1.048,21, 39.875 ,4,5.11,1,0.72,0.226,0,0
0,1.09,4,90,1.048,21, 39.875 ,2,11.56,2,0.72,0.620,0.72,0.157
0,1.09,4,90,1.048,21, 39.875 ,4,5.83,2,0.27,0.191,0.27,0.199
0,1.09,4,270,1.048,21, 39.875 ,1,17.58,1,0.72,-0.324,0,0
0,1.09,4,270,1.048,21, 39.875 ,4,5.11,1,0.72,-0.324,0,0
0,1.09,4,270,1.048,21, 39.875 ,4,5.83,2,0.27,-0.324,0.27,-0.324
0,1.09,4,270,1.048,21, 39.875 ,1,4.84,1,0.27,-0.333,0,0
0,1.09,4,270,1.048,21, 39.875 ,2,4.84,1,0.27,-0.333,0,0
0,1.09,4,270,1.048,21, 39.875 ,2,2.79,1,0.27,-0.333,0,0
0,1.09,4,270,1.048,21, 39.875 ,1,2.79,1,0.27,-0.333,0,0
0,1.09,4,270,1.048,21, 39.875 ,2,17.35,1,0.72,-0.346,0,0
0,1.09,4,270,1.048,21, 39.875 ,2,11.56,2,0.72,-0.325,0.72,-0.271
0,1.09,4,270,1.048,21, 39.875 ,2,5.11,1,0.72,-0.326,0,0
0,1.09,4,270,1.048,21, 39.875 ,2,17.75,1,0.72,-0.328,0,0
0,1.09,4,270,1.048,21, 39.875 ,2,2.79,1,0.27,-0.338,0,0
0,1.09,4,270,1.048,21, 39.875 ,2,4.84,1,0.27,-0.338,0,0
0,1.09,4,270,1.048,21, 39.875 ,2,4.94,1,0.27,-0.338,0,0
0,1.09,4,270,1.048,21, 39.875 ,2,2.79,1,0.27,-0.338,0,0
0,1.09,4,270,1.048,21, 39.875 ,2,17.35,1,0.72,-0.354,0,0
0,1.09,4,270,1.048,21, 39.875 ,2,11.56,2,0.72,-0.369,0.72,-0.273
0,1.09,4,180,0.916,19, 39.875 ,2,17.75,1,0.72,-0.328,0,0
0,1.09,4,180,0.916,19, 39.875 ,1,17.54,1,0.72,0.148,0,0
0,1.09,4,180,0.916,19, 39.875 ,1,2.79,1,0.27,0.312,0,0
0,1.09,4,180,0.916,19, 39.875 ,1,4.84,1,0.27,0.313,0,0
0,1.09,4,180,0.916,19, 39.875 ,2,4.84,1,0.27,-0.316,0,0
0,1.09,4,180,0.916,19, 39.875 ,2,2.79,1,0.27,-0.316,0,0
0,1.09,4,180,0.916,19, 39.875 ,2,5.11,1,0.72,-0.328,0,0
0,1.09,4,180,0.916,19, 39.875 ,4,5.11,1,0.72,0.207,0,0
0,1.09,4,180,0.916,19, 39.875 ,4,5.83,2,0.27,0.199,0.27,0.196
0,1.09,4,180,0.916,19, 39.875 ,1,16.99,2,0.72,-0.312,0.72,-0.358
0,1.09,4,180,0.916,19, 39.875 ,1,2.79,1,0.27,-0.316,0,0
0,1.09,4,180,0.916,19, 39.875 ,1,4.84,1,0.27,-0.316,0,0
0,1.09,4,180,0.916,19, 39.875 ,1,4.84,1,0.27,0.312,0,0
0,1.09,4,180,0.916,19, 39.875 ,1,2.79,1,0.27,0.305,0,0
0,1.09,4,180,0.916,19, 39.875 ,1,16.97,2,0.72,0.374,0.72,-0.357
0,1.09,4,0,0.916,19, 39.875 ,4,5.11,1,0.72,-0.326,0,0
0,1.09,4,0,0.916,19, 39.875 ,4,5.83,2,0.27,-0.324,0.27,-0.324
0,1.09,4,0,0.916,19, 39.875 ,2,5.11,1,0.72,0.201,0,0
0,1.09,4,0,0.916,19, 39.875 ,2,17.75,1,0.72,0.140,0,0
0,1.09,4,0,0.916,19, 39.875 ,1,17.58,1,0.72,-0.324,0,0
0,1.09,4,0,0.916,19, 39.875 ,1,2.79,1,0.27,-0.313,0,0
0,1.09,4,0,0.916,19, 39.875 ,1,4.84,1,0.27,-0.313,0,0
0,1.09,4,0,0.916,19, 39.875 ,2,4.84,1,0.27,0.304,0,0
0,1.09,4,0,0.916,19, 39.875 ,2,2.79,1,0.27,0.296,0,0
0,1.09,4,0,0.916,19, 39.875 ,1,4.84,1,0.27,0.303,0,0
0,1.09,4,0,0.916,19, 39.875 ,1,2.79,1,0.27,0.297,0,0
0,1.09,4,0,0.916,19, 39.875 ,1,16.97,2,0.72,0.370,0.72,-0.361
0,1.09,4,0,0.916,19, 39.875 ,1,4.84,1,0.27,-0.313,0,0
0,1.09,4,0,0.916,19, 39.875 ,1,16.97,2,0.72,-0.311,0.72,-0.358
0,1.09,4,0,0.916,19, 39.875 ,1,2.79,1,0.27,-0.313,0,0
0,1.09,4,0,0.916,19, 39.875 ,0,160.00,,,,,
0,1.09,4,90,1.048,21, 39.875 ,2,5.23,2,0.72,0.169,0.72,0.154
0,1.09,4,90,1.048,21, 39.875 ,2,5.24,2,0.72,0.104,0.27,0.153
0,1.09,4,90,1.048,21, 39.875 ,2,5.24,2,0.72,0.161,0.27,0.14
0,1.09,4,90,1.048,21, 39.875 ,1,5.24,2,0.27,0.140,0.72,0.094
0,1.09,4,0,0.916,19, 39.875 ,1,5.24,2,0.72,0.416,0.27,0.29
0,1.09,4,0,0.916,19, 39.875 ,1,5.44,2,0.72,-0.324,0.27,-0.314
0,1.09,4,0,0.916,19, 39.875 ,1,5.23,2,0.72,-0.318,0.27,-0.314
0,1.09,4,0,0.916,19, 39.875 ,2,5.24,2,0.72,0.143,0.27,0.32
0,1.09,4,270,1.048,21, 39.875 ,1,5.23,2,0.72,-0.328,0.27,-0.336
0,1.09,4,270,1.048,21, 39.875 ,2,5.23,2,0.72,-0.338,0.27,-0.333
0,1.09,4,270,1.048,21, 39.875 ,2,5.23,2,0.72,-0.344,0.27,-0.338
0,1.09,4,270,1.048,21, 39.875 ,2,5.23,2,0.27,-0.338,0.72,-0.332
0,1.09,4,180,0.916,19, 39.875 ,2,5.24,2,0.72,-0.321,0.27,-0.317
0,1.09,4,180,0.916,19, 39.875 ,1,5.23,2,0.72,0.147,0.27,0.316
0,1.09,4,180,0.916,19, 39.875 ,1,5.23,2,0.72,0.424,0.27,0.298
0,1.09,4,180,0.916,19, 39.875 ,1,5.23,2,0.72,-0.308,0.27,-0.317
0,1.09,4,90,1.048,21, 39.875 ,0,26.00,,,,,
0,1.09,4,270,1.048,21, 39.875 ,0,22.00,,,,,
0,1.09,4,0,0.916,19, 39.875 ,0,26.00,,,,,
0,1.09,4,180,0.916,19, 39.875 ,0,22.00,,,,,
0,1.09,4,90,1.048,21, 67.375 ,2,17.35,1,0.72,0.154,0,0
0,1.09,4,90,1.048,21, 67.375 ,2,17.75,1,0.72,0.326,0,0
0,1.09,4,90,1.048,21, 67.375 ,1,17.58,1,0.72,0.336,0,0
0,1.09,4,90,1.048,21, 67.375 ,2,17.35,1,0.72,0.145,0,0
0,1.09,4,90,1.048,21, 67.375 ,2,11.40,2,0.72,0.143,0.72,0.800609
0,1.09,4,90,1.048,21, 67.375 ,2,2.79,1,0.27,0.113,0,0
0,1.09,4,90,1.048,21, 67.375 ,2,4.84,1,0.27,0.138,0,0
0,1.09,4,90,1.048,21, 67.375 ,2,2.64,1,0.27,0.116,0,0
0,1.09,4,90,1.048,21, 67.375 ,2,4.58,1,0.27,0.135,0,0
0,1.09,4,90,1.048,21, 67.375 ,2,4.83,1,0.72,0.361,0,0
0,1.09,4,90,1.048,21, 67.375 ,2,4.84,1,0.27,0.152,0,0
0,1.09,4,90,1.048,21, 67.375 ,2,2.79,1,0.27,0.154,0,0
0,1.09,4,90,1.048,21, 67.375 ,1,4.84,1,0.27,0.150,0,0
0,1.09,4,90,1.048,21, 67.375 ,1,2.79,1,0.27,0.137,0,0
0,1.09,4,90,1.048,21, 67.375 ,4,5.11,1,0.72,0.385,0,0
0,1.09,4,90,1.048,21, 67.375 ,2,11.56,2,0.72,0.800,0.72,0.133383
0,1.09,4,90,1.048,21, 67.375 ,4,5.83,2,0.27,0.328,0.27,0.33846
0,1.09,4,270,1.048,21, 67.375 ,1,17.58,1,0.72,-0.313,0,0
0,1.09,4,270,1.048,21, 67.375 ,4,5.11,1,0.72,-0.313,0,0
0,1.09,4,270,1.048,21, 67.375 ,4,5.83,2,0.27,-0.313,0.27,-0.313052
0,1.09,4,270,1.048,21, 67.375 ,1,4.84,1,0.27,-0.325,0,0
0,1.09,4,270,1.048,21, 67.375 ,2,4.84,1,0.27,-0.325,0,0
0,1.09,4,270,1.048,21, 67.375 ,2,2.79,1,0.27,-0.325,0,0
0,1.09,4,270,1.048,21, 67.375 ,1,2.79,1,0.27,-0.325,0,0
0,1.09,4,270,1.048,21, 67.375 ,2,17.35,1,0.72,-0.343,0,0
0,1.09,4,270,1.048,21, 67.375 ,2,11.56,2,0.72,-0.325,0.72,-0.232332
0,1.09,4,270,1.048,21, 67.375 ,2,5.11,1,0.72,-0.309,0,0
0,1.09,4,270,1.048,21, 67.375 ,2,17.75,1,0.72,-0.310,0,0
0,1.09,4,270,1.048,21, 67.375 ,2,2.79,1,0.27,-0.325,0,0
0,1.09,4,270,1.048,21, 67.375 ,2,4.84,1,0.27,-0.325,0,0
0,1.09,4,270,1.048,21, 67.375 ,2,4.94,1,0.27,-0.325,0,0
0,1.09,4,270,1.048,21, 67.375 ,2,2.79,1,0.27,-0.325,0,0
0,1.09,4,270,1.048,21, 67.375 ,2,17.35,1,0.72,-0.344,0,0
0,1.09,4,270,1.048,21, 67.375 ,2,11.56,2,0.72,-0.365,0.72,-0.231292
0,1.09,4,180,0.916,19, 67.375 ,2,17.75,1,0.72,-0.308,0,0
0,1.09,4,180,0.916,19, 67.375 ,1,17.54,1,0.72,0.238,0,0
0,1.09,4,180,0.916,19, 67.375 ,1,2.79,1,0.27,0.531,0,0
0,1.09,4,180,0.916,19, 67.375 ,1,4.84,1,0.27,0.531,0,0
0,1.09,4,180,0.916,19, 67.375 ,2,4.84,1,0.27,-0.293,0,0
0,1.09,4,180,0.916,19, 67.375 ,2,2.79,1,0.27,-0.294,0,0
0,1.09,4,180,0.916,19, 67.375 ,2,5.11,1,0.72,-0.311,0,0
0,1.09,4,180,0.916,19, 67.375 ,4,5.11,1,0.72,0.338,0,0
0,1.09,4,180,0.916,19, 67.375 ,4,5.83,2,0.27,0.341,0.27,0.34184
0,1.09,4,180,0.916,19, 67.375 ,1,16.99,2,0.72,-0.290,0.72,-0.373889
0,1.09,4,180,0.916,19, 67.375 ,1,2.79,1,0.27,-0.293,0,0
0,1.09,4,180,0.916,19, 67.375 ,1,4.84,1,0.27,-0.293,0,0
0,1.09,4,180,0.916,19, 67.375 ,1,4.84,1,0.27,0.530,0,0
0,1.09,4,180,0.916,19, 67.375 ,1,2.79,1,0.27,0.525,0,0
0,1.09,4,180,0.916,19, 67.375 ,1,16.97,2,0.72,0.520,0.72,-0.38695
0,1.09,4,0,0.916,19, 67.375 ,4,5.11,1,0.72,-0.315,0,0
0,1.09,4,0,0.916,19, 67.375 ,4,5.83,2,0.27,-0.313,0.27,-0.312956
0,1.09,4,0,0.916,19, 67.375 ,2,5.11,1,0.72,0.329,0,0
0,1.09,4,0,0.916,19, 67.375 ,2,17.75,1,0.72,0.218,0,0
0,1.09,4,0,0.916,19, 67.375 ,1,17.58,1,0.72,-0.310,0,0
0,1.09,4,0,0.916,19, 67.375 ,1,2.79,1,0.27,-0.296,0,0
0,1.09,4,0,0.916,19, 67.375 ,1,4.84,1,0.27,-0.296,0,0
0,1.09,4,0,0.916,19, 67.375 ,2,4.84,1,0.27,0.517,0,0
0,1.09,4,0,0.916,19, 67.375 ,2,2.79,1,0.27,0.509,0,0
0,1.09,4,0,0.916,19, 67.375 ,1,4.84,1,0.27,0.516,0,0
0,1.09,4,0,0.916,19, 67.375 ,1,2.79,1,0.27,0.510,0,0
0,1.09,4,0,0.916,19, 67.375 ,1,16.97,2,0.72,0.518,0.72,-0.390806
0,1.09,4,0,0.916,19, 67.375 ,1,4.84,1,0.27,-0.296,0,0
0,1.09,4,0,0.916,19, 67.375 ,1,16.97,2,0.72,-0.294,0.72,-0.375416
0,1.09,4,0,0.916,19, 67.375 ,1,2.79,1,0.27,-0.296,0,0
0,1.09,4,0,0.916,19, 67.375 ,0,160.00,,,,,
0,1.09,4,90,1.048,21, 67.375 ,2,5.23,2,0.72,0.171,0.72,0.115905
0,1.09,4,90,1.048,21, 67.375 ,2,5.24,2,0.72,0.093,0.27,0.113565
0,1.09,4,90,1.048,21, 67.375 ,2,5.24,2,0.72,0.166,0.27,0.141073
0,1.09,4,90,1.048,21, 67.375 ,1,5.24,2,0.27,0.132,0.72,0.103778
0,1.09,4,0,0.916,19, 67.375 ,1,5.24,2,0.72,0.615,0.27,0.498268
0,1.09,4,0,0.916,19, 67.375 ,1,5.44,2,0.72,-0.313,0.27,-0.296601
0,1.09,4,0,0.916,19, 67.375 ,1,5.23,2,0.72,-0.301,0.27,-0.296087
0,1.09,4,0,0.916,19, 67.375 ,2,5.24,2,0.72,0.296,0.27,0.538477
0,1.09,4,270,1.048,21, 67.375 ,1,5.23,2,0.72,-0.316,0.27,-0.325355
0,1.09,4,270,1.048,21, 67.375 ,2,5.23,2,0.72,-0.332,0.27,-0.325424
0,1.09,4,270,1.048,21, 67.375 ,2,5.23,2,0.72,-0.331,0.27,-0.325402
0,1.09,4,270,1.048,21, 67.375 ,2,5.23,2,0.27,-0.325,0.72,-0.313921
0,1.09,4,180,0.916,19, 67.375 ,2,5.24,2,0.72,-0.298,0.27,-0.293683
0,1.09,4,180,0.916,19, 67.375 ,1,5.23,2,0.72,0.312,0.27,0.536126
0,1.09,4,180,0.916,19, 67.375 ,1,5.23,2,0.72,0.621,0.27,0.512148
0,1.09,4,180,0.916,19, 67.375 ,1,5.23,2,0.72,-0.281,0.27,-0.29437
0,1.09,4,90,1.048,21, 67.375 ,0,26.00,,,,,
0,1.09,4,270,1.048,21, 67.375 ,0,22.00,,,,,
0,1.09,4,0,0.916,19, 67.375 ,0,26.00,,,,,
0,1.09,4,180,0.916,19, 67.375 ,0,22.00,,,,,
0,1.09,4,90,1.048,21, 94.875 ,2,17.35,1,0.72,0.113,0,0
0,1.09,4,90,1.048,21, 94.875 ,2,17.75,1,0.72,0.378,0,0
0,1.09,4,90,1.048,21, 94.875 ,1,17.58,1,0.72,0.376,0,0
0,1.09,4,90,1.048,21, 94.875 ,2,17.35,1,0.72,0.083,0,0
0,1.09,4,90,1.048,21, 94.875 ,2,11.40,2,0.72,0.133,0.72,0.931309
0,1.09,4,90,1.048,21, 94.875 ,2,2.79,1,0.27,-0.119,0,0
0,1.09,4,90,1.048,21, 94.875 ,2,4.84,1,0.27,-0.027,0,0
0,1.09,4,90,1.048,21, 94.875 ,2,2.64,1,0.27,-0.089,0,0
0,1.09,4,90,1.048,21, 94.875 ,2,4.58,1,0.27,-0.027,0,0
0,1.09,4,90,1.048,21, 94.875 ,2,4.83,1,0.72,0.485,0,0
0,1.09,4,90,1.048,21, 94.875 ,2,4.84,1,0.27,-0.026,0,0
0,1.09,4,90,1.048,21, 94.875 ,2,2.79,1,0.27,-0.018,0,0
0,1.09,4,90,1.048,21, 94.875 ,1,4.84,1,0.27,-0.037,0,0
0,1.09,4,90,1.048,21, 94.875 ,1,2.79,1,0.27,-0.128,0,0
0,1.09,4,90,1.048,21, 94.875 ,4,5.11,1,0.72,0.501,0,0
0,1.09,4,90,1.048,21, 94.875 ,2,11.56,2,0.72,0.930,0.72,0.103509
0,1.09,4,90,1.048,21, 94.875 ,4,5.83,2,0.27,0.414,0.27,0.430444
0,1.09,4,270,1.048,21, 94.875 ,1,17.58,1,0.72,-0.316,0,0
0,1.09,4,270,1.048,21, 94.875 ,4,5.11,1,0.72,-0.315,0,0
0,1.09,4,270,1.048,21, 94.875 ,4,5.83,2,0.27,-0.315,0.27,-0.3153
0,1.09,4,270,1.048,21, 94.875 ,1,4.84,1,0.27,-0.322,0,0
0,1.09,4,270,1.048,21, 94.875 ,2,4.84,1,0.27,-0.322,0,0
0,1.09,4,270,1.048,21, 94.875 ,2,2.79,1,0.27,-0.322,0,0
0,1.09,4,270,1.048,21, 94.875 ,1,2.79,1,0.27,-0.322,0,0
0,1.09,4,270,1.048,21, 94.875 ,2,17.35,1,0.72,-0.328,0,0
0,1.09,4,270,1.048,21, 94.875 ,2,11.56,2,0.72,-0.334,0.72,-0.311296
0,1.09,4,270,1.048,21, 94.875 ,2,5.11,1,0.72,-0.312,0,0
0,1.09,4,270,1.048,21, 94.875 ,2,17.75,1,0.72,-0.315,0,0
0,1.09,4,270,1.048,21, 94.875 ,2,2.79,1,0.27,-0.321,0,0
0,1.09,4,270,1.048,21, 94.875 ,2,4.84,1,0.27,-0.321,0,0
0,1.09,4,270,1.048,21, 94.875 ,2,4.94,1,0.27,-0.321,0,0
0,1.09,4,270,1.048,21, 94.875 ,2,2.79,1,0.27,-0.321,0,0
0,1.09,4,270,1.048,21, 94.875 ,2,17.35,1,0.72,-0.331,0,0
0,1.09,4,270,1.048,21, 94.875 ,2,11.56,2,0.72,-0.337,0.72,-0.311177
0,1.09,4,180,0.916,19, 94.875 ,2,17.75,1,0.72,-0.315,0,0
0,1.09,4,180,0.916,19, 94.875 ,1,17.54,1,0.72,0.258,0,0
0,1.09,4,180,0.916,19, 94.875 ,1,2.79,1,0.27,0.700,0,0
0,1.09,4,180,0.916,19, 94.875 ,1,4.84,1,0.27,0.701,0,0
0,1.09,4,180,0.916,19, 94.875 ,2,4.84,1,0.27,-0.312,0,0
0,1.09,4,180,0.916,19, 94.875 ,2,2.79,1,0.27,-0.312,0,0
0,1.09,4,180,0.916,19, 94.875 ,2,5.11,1,0.72,-0.314,0,0
0,1.09,4,180,0.916,19, 94.875 ,4,5.11,1,0.72,0.353,0,0
0,1.09,4,180,0.916,19, 94.875 ,4,5.83,2,0.27,0.447,0.27,0.45657
0,1.09,4,180,0.916,19, 94.875 ,1,16.99,2,0.72,-0.313,0.72,-0.364349
0,1.09,4,180,0.916,19, 94.875 ,1,2.79,1,0.27,-0.312,0,0
0,1.09,4,180,0.916,19, 94.875 ,1,4.84,1,0.27,-0.312,0,0
0,1.09,4,180,0.916,19, 94.875 ,1,4.84,1,0.27,0.697,0,0
0,1.09,4,180,0.916,19, 94.875 ,1,2.79,1,0.27,0.687,0,0
0,1.09,4,180,0.916,19, 94.875 ,1,16.97,2,0.72,0.673,0.72,-0.366935
0,1.09,4,0,0.916,19, 94.875 ,4,5.11,1,0.72,-0.316,0,0
0,1.09,4,0,0.916,19, 94.875 ,4,5.83,2,0.27,-0.315,0.27,-0.315316
0,1.09,4,0,0.916,19, 94.875 ,2,5.11,1,0.72,0.382,0,0
0,1.09,4,0,0.916,19, 94.875 ,2,17.75,1,0.72,0.211,0,0
0,1.09,4,0,0.916,19, 94.875 ,1,17.58,1,0.72,-0.317,0,0
0,1.09,4,0,0.916,19, 94.875 ,1,2.79,1,0.27,-0.312,0,0
0,1.09,4,0,0.916,19, 94.875 ,1,4.84,1,0.27,-0.311,0,0
0,1.09,4,0,0.916,19, 94.875 ,2,4.84,1,0.27,0.676,0,0
0,1.09,4,0,0.916,19, 94.875 ,2,2.79,1,0.27,0.657,0,0
0,1.09,4,0,0.916,19, 94.875 ,1,4.84,1,0.27,0.670,0,0
0,1.09,4,0,0.916,19, 94.875 ,1,2.79,1,0.27,0.658,0,0
0,1.09,4,0,0.916,19, 94.875 ,1,16.97,2,0.72,0.675,0.72,-0.371617
0,1.09,4,0,0.916,19, 94.875 ,1,4.84,1,0.27,-0.311,0,0
0,1.09,4,0,0.916,19, 94.875 ,1,16.97,2,0.72,-0.315,0.72,-0.347426
0,1.09,4,0,0.916,19, 94.875 ,1,2.79,1,0.27,-0.312,0,0
0,1.09,4,0,0.916,19, 94.875 ,0,160.00,,,,,
0,1.09,4,90,1.048,21, 94.875 ,2,5.23,2,0.72,0.098,0.72,-0.131284
0,1.09,4,90,1.048,21, 94.875 ,2,5.24,2,0.72,-0.070,0.27,-0.140928
0,1.09,4,90,1.048,21, 94.875 ,2,5.24,2,0.72,0.069,0.27,-0.0929319
0,1.09,4,90,1.048,21, 94.875 ,1,5.24,2,0.27,-0.167,0.72,-0.0487381
0,1.09,4,0,0.916,19, 94.875 ,1,5.24,2,0.72,0.795,0.27,0.629343
0,1.09,4,0,0.916,19, 94.875 ,1,5.44,2,0.72,-0.327,0.27,-0.311731
0,1.09,4,0,0.916,19, 94.875 ,1,5.23,2,0.72,-0.315,0.27,-0.311638
0,1.09,4,0,0.916,19, 94.875 ,2,5.24,2,0.72,0.387,0.27,0.704947
0,1.09,4,270,1.048,21, 94.875 ,1,5.23,2,0.72,-0.319,0.27,-0.322164
0,1.09,4,270,1.048,21, 94.875 ,2,5.23,2,0.72,-0.325,0.27,-0.321755
0,1.09,4,270,1.048,21, 94.875 ,2,5.23,2,0.72,-0.326,0.27,-0.320834
0,1.09,4,270,1.048,21, 94.875 ,2,5.23,2,0.27,-0.321,0.72,-0.318073
0,1.09,4,180,0.916,19, 94.875 ,2,5.24,2,0.72,-0.313,0.27,-0.31164
0,1.09,4,180,0.916,19, 94.875 ,1,5.23,2,0.72,0.431,0.27,0.702111
0,1.09,4,180,0.916,19, 94.875 ,1,5.23,2,0.72,0.803,0.27,0.662502
0,1.09,4,180,0.916,19, 94.875 ,1,5.23,2,0.72,-0.309,0.27,-0.311656
0,1.09,4,90,1.048,21, 94.875 ,0,26.00,,,,,
0,1.09,4,270,1.048,21, 94.875 ,0,22.00,,,,,
0,1.09,4,0,0.916,19, 94.875 ,0,26.00,,,,,
0,1.09,4,180,0.916,19, 94.875 ,0,22.00,,,,,
45,1.09,4,135,1.048,21, 12.375 ,2,17.35,1,0.72,0.336,0,0
45,1.09,4,135,1.048,21, 12.375 ,2,17.75,1,0.72,0.526,0,0
45,1.09,4,135,1.048,21, 12.375 ,1,17.58,1,0.72,-0.360,0,0
45,1.09,4,135,1.048,21, 12.375 ,2,17.35,1,0.72,-0.357,0,0
45,1.09,4,135,1.048,21, 12.375 ,2,11.40,2,0.72,0.294,0.72,-0.0326304
45,1.09,4,135,1.048,21, 12.375 ,2,2.79,1,0.27,0.546,0,0
45,1.09,4,135,1.048,21, 12.375 ,2,4.84,1,0.27,0.547,0,0
45,1.09,4,135,1.048,21, 12.375 ,2,2.64,1,0.27,0.550,0,0
45,1.09,4,135,1.048,21, 12.375 ,2,4.58,1,0.27,0.556,0,0
45,1.09,4,135,1.048,21, 12.375 ,2,4.83,1,0.72,0.620,0,0
45,1.09,4,135,1.048,21, 12.375 ,2,4.84,1,0.27,-0.356,0,0
45,1.09,4,135,1.048,21, 12.375 ,2,2.79,1,0.27,-0.356,0,0
45,1.09,4,135,1.048,21, 12.375 ,1,4.84,1,0.27,-0.356,0,0
45,1.09,4,135,1.048,21, 12.375 ,1,2.79,1,0.27,-0.356,0,0
45,1.09,4,135,1.048,21, 12.375 ,4,5.11,1,0.72,-0.356,0,0
45,1.09,4,135,1.048,21, 12.375 ,2,11.56,2,0.72,-0.053,0.72,-0.358083
45,1.09,4,135,1.048,21, 12.375 ,4,5.83,2,0.27,-0.355,0.27,-0.355168
45,1.09,4,315,1.048,21, 12.375 ,1,17.58,1,0.72,-0.395,0,0
45,1.09,4,315,1.048,21, 12.375 ,4,5.11,1,0.72,-0.390,0,0
45,1.09,4,315,1.048,21, 12.375 ,4,5.83,2,0.27,-0.388,0.27,-0.387133
45,1.09,4,315,1.048,21, 12.375 ,1,4.84,1,0.27,-0.382,0,0
45,1.09,4,315,1.048,21, 12.375 ,2,4.84,1,0.27,-0.382,0,0
45,1.09,4,315,1.048,21, 12.375 ,2,2.79,1,0.27,-0.388,0,0
45,1.09,4,315,1.048,21, 12.375 ,1,2.79,1,0.27,-0.389,0,0
45,1.09,4,315,1.048,21, 12.375 ,2,17.35,1,0.72,-0.389,0,0
45,1.09,4,315,1.048,21, 12.375 ,2,11.56,2,0.72,-0.379,0.72,-0.356389
45,1.09,4,315,1.048,21, 12.375 ,2,5.11,1,0.72,-0.307,0,0
45,1.09,4,315,1.048,21, 12.375 ,2,17.75,1,0.72,-0.329,0,0
45,1.09,4,315,1.048,21, 12.375 ,2,2.79,1,0.27,-0.323,0,0
45,1.09,4,315,1.048,21, 12.375 ,2,4.84,1,0.27,-0.322,0,0
45,1.09,4,315,1.048,21, 12.375 ,2,4.94,1,0.27,-0.322,0,0
45,1.09,4,315,1.048,21, 12.375 ,2,2.79,1,0.27,-0.321,0,0
45,1.09,4,315,1.048,21, 12.375 ,2,17.35,1,0.72,-0.362,0,0
45,1.09,4,315,1.048,21, 12.375 ,2,11.56,2,0.72,-0.363,0.72,-0.359288
45,1.09,4,225,0.916,19, 12.375 ,2,17.75,1,0.72,-0.327,0,0
45,1.09,4,225,0.916,19, 12.375 ,1,17.54,1,0.72,-0.359,0,0
45,1.09,4,225,0.916,19, 12.375 ,1,2.79,1,0.27,-0.353,0,0
45,1.09,4,225,0.916,19, 12.375 ,1,4.84,1,0.27,-0.352,0,0
45,1.09,4,225,0.916,19, 12.375 ,2,4.84,1,0.27,-0.318,0,0
45,1.09,4,225,0.916,19, 12.375 ,2,2.79,1,0.27,-0.320,0,0
45,1.09,4,225,0.916,19, 12.375 ,2,5.11,1,0.72,-0.306,0,0
45,1.09,4,225,0.916,19, 12.375 ,4,5.11,1,0.72,-0.357,0,0
45,1.09,4,225,0.916,19, 12.375 ,4,5.83,2,0.27,-0.355,0.27,-0.355427
45,1.09,4,225,0.916,19, 12.375 ,1,16.99,2,0.72,-0.350,0.72,-0.346607
45,1.09,4,225,0.916,19, 12.375 ,1,2.79,1,0.27,-0.317,0,0
45,1.09,4,225,0.916,19, 12.375 ,1,4.84,1,0.27,-0.317,0,0
45,1.09,4,225,0.916,19, 12.375 ,1,4.84,1,0.27,-0.352,0,0
45,1.09,4,225,0.916,19, 12.375 ,1,2.79,1,0.27,-0.354,0,0
45,1.09,4,225,0.916,19, 12.375 ,1,16.97,2,0.72,-0.354,0.72,-0.345899
45,1.09,4,45,0.916,19, 12.375 ,4,5.11,1,0.72,-0.387,0,0
45,1.09,4,45,0.916,19, 12.375 ,4,5.83,2,0.27,-0.388,0.27,-0.387307
45,1.09,4,45,0.916,19, 12.375 ,2,5.11,1,0.72,0.627,0,0
45,1.09,4,45,0.916,19, 12.375 ,2,17.75,1,0.72,0.524,0,0
45,1.09,4,45,0.916,19, 12.375 ,1,17.58,1,0.72,-0.394,0,0
45,1.09,4,45,0.916,19, 12.375 ,1,2.79,1,0.27,-0.392,0,0
45,1.09,4,45,0.916,19, 12.375 ,1,4.84,1,0.27,-0.391,0,0
45,1.09,4,45,0.916,19, 12.375 ,2,4.84,1,0.27,0.541,0,0
45,1.09,4,45,0.916,19, 12.375 ,2,2.79,1,0.27,0.531,0,0
45,1.09,4,45,0.916,19, 12.375 ,1,4.84,1,0.27,0.537,0,0
45,1.09,4,45,0.916,19, 12.375 ,1,2.79,1,0.27,0.527,0,0
45,1.09,4,45,0.916,19, 12.375 ,1,16.97,2,0.72,0.253,0.72,-0.081008
45,1.09,4,45,0.916,19, 12.375 ,1,4.84,1,0.27,-0.391,0,0
45,1.09,4,45,0.916,19, 12.375 ,1,16.97,2,0.72,-0.390,0.72,-0.089892
45,1.09,4,45,0.916,19, 12.375 ,1,2.79,1,0.27,-0.392,0,0
45,1.09,4,45,0.916,19, 12.375 ,0,160.00,,,,,
45,1.09,4,135,1.048,21, 12.375 ,2,5.23,2,0.72,0.374,0.72,0.505963
45,1.09,4,135,1.048,21, 12.375 ,2,5.24,2,0.72,0.496,0.27,0.517394
45,1.09,4,135,1.048,21, 12.375 ,2,5.24,2,0.72,-0.356,0.27,-0.356482
45,1.09,4,135,1.048,21, 12.375 ,1,5.24,2,0.27,-0.356,0.72,-0.359891
45,1.09,4,45,0.916,19, 12.375 ,1,5.24,2,0.72,0.224,0.27,0.480281
45,1.09,4,45,0.916,19, 12.375 ,1,5.44,2,0.72,-0.390,0.27,-0.391329
45,1.09,4,45,0.916,19, 12.375 ,1,5.23,2,0.72,-0.399,0.27,-0.393876
45,1.09,4,45,0.916,19, 12.375 ,2,5.24,2,0.72,0.486,0.27,0.496189
45,1.09,4,315,1.048,21, 12.375 ,1,5.23,2,0.72,-0.396,0.27,-0.390924
45,1.09,4,315,1.048,21, 12.375 ,2,5.23,2,0.72,-0.394,0.27,-0.394653
45,1.09,4,315,1.048,21, 12.375 ,2,5.23,2,0.72,-0.362,0.27,-0.379805
45,1.09,4,315,1.048,21, 12.375 ,2,5.23,2,0.27,-0.328,0.72,-0.33554
45,1.09,4,225,0.916,19, 12.375 ,2,5.24,2,0.72,-0.333,0.27,-0.324605
45,1.09,4,225,0.916,19, 12.375 ,1,5.23,2,0.72,-0.359,0.27,-0.356604
45,1.09,4,225,0.916,19, 12.375 ,1,5.23,2,0.72,-0.358,0.27,-0.357424
45,1.09,4,225,0.916,19, 12.375 ,1,5.23,2,0.72,-0.351,0.27,-0.330067
45,1.09,4,135,1.048,21, 12.375 ,0,26.00,,,,,
45,1.09,4,315,1.048,21, 12.375 ,0,22.00,,,,,
45,1.09,4,45,0.916,19, 12.375 ,0,26.00,,,,,
45,1.09,4,225,0.916,19, 12.375 ,0,22.00,,,,,
45,1.09,4,135,1.048,21, 39.875 ,2,17.35,1,0.72,0.610,0,0
45,1.09,4,135,1.048,21, 39.875 ,2,17.75,1,0.72,0.588,0,0
45,1.09,4,135,1.048,21, 39.875 ,1,17.58,1,0.72,-0.357,0,0
45,1.09,4,135,1.048,21, 39.875 ,2,17.35,1,0.72,-0.351,0,0
45,1.09,4,135,1.048,21, 39.875 ,2,11.40,2,0.72,0.298,0.72,0.151845
45,1.09,4,135,1.048,21, 39.875 ,2,2.79,1,0.27,0.582,0,0
45,1.09,4,135,1.048,21, 39.875 ,2,4.84,1,0.27,0.585,0,0
45,1.09,4,135,1.048,21, 39.875 ,2,2.64,1,0.27,0.582,0,0
45,1.09,4,135,1.048,21, 39.875 ,2,4.58,1,0.27,0.584,0,0
45,1.09,4,135,1.048,21, 39.875 ,2,4.83,1,0.72,0.589,0,0
45,1.09,4,135,1.048,21, 39.875 ,2,4.84,1,0.27,-0.355,0,0
45,1.09,4,135,1.048,21, 39.875 ,2,2.79,1,0.27,-0.355,0,0
45,1.09,4,135,1.048,21, 39.875 ,1,4.84,1,0.27,-0.355,0,0
45,1.09,4,135,1.048,21, 39.875 ,1,2.79,1,0.27,-0.355,0,0
45,1.09,4,135,1.048,21, 39.875 ,4,5.11,1,0.72,-0.356,0,0
45,1.09,4,135,1.048,21, 39.875 ,2,11.56,2,0.72,0.071,0.72,-0.352933
45,1.09,4,135,1.048,21, 39.875 ,4,5.83,2,0.27,-0.356,0.27,-0.356209
45,1.09,4,315,1.048,21, 39.875 ,1,17.58,1,0.72,-0.388,0,0
45,1.09,4,315,1.048,21, 39.875 ,4,5.11,1,0.72,-0.387,0,0
45,1.09,4,315,1.048,21, 39.875 ,4,5.83,2,0.27,-0.387,0.27,-0.386826
45,1.09,4,315,1.048,21, 39.875 ,1,4.84,1,0.27,-0.390,0,0
45,1.09,4,315,1.048,21, 39.875 ,2,4.84,1,0.27,-0.390,0,0
45,1.09,4,315,1.048,21, 39.875 ,2,2.79,1,0.27,-0.390,0,0
45,1.09,4,315,1.048,21, 39.875 ,1,2.79,1,0.27,-0.391,0,0
45,1.09,4,315,1.048,21, 39.875 ,2,17.35,1,0.72,-0.396,0,0
45,1.09,4,315,1.048,21, 39.875 ,2,11.56,2,0.72,-0.397,0.72,-0.348628
45,1.09,4,315,1.048,21, 39.875 ,2,5.11,1,0.72,-0.326,0,0
45,1.09,4,315,1.048,21, 39.875 ,2,17.75,1,0.72,-0.329,0,0
45,1.09,4,315,1.048,21, 39.875 ,2,2.79,1,0.27,-0.335,0,0
45,1.09,4,315,1.048,21, 39.875 ,2,4.84,1,0.27,-0.334,0,0
45,1.09,4,315,1.048,21, 39.875 ,2,4.94,1,0.27,-0.334,0,0
45,1.09,4,315,1.048,21, 39.875 ,2,2.79,1,0.27,-0.334,0,0
45,1.09,4,315,1.048,21, 39.875 ,2,17.35,1,0.72,-0.324,0,0
45,1.09,4,315,1.048,21, 39.875 ,2,11.56,2,0.72,-0.324,0.72,-0.345916
45,1.09,4,225,0.916,19, 39.875 ,2,17.75,1,0.72,-0.326,0,0
45,1.09,4,225,0.916,19, 39.875 ,1,17.54,1,0.72,-0.356,0,0
45,1.09,4,225,0.916,19, 39.875 ,1,2.79,1,0.27,-0.359,0,0
45,1.09,4,225,0.916,19, 39.875 ,1,4.84,1,0.27,-0.358,0,0
45,1.09,4,225,0.916,19, 39.875 ,2,4.84,1,0.27,-0.329,0,0
45,1.09,4,225,0.916,19, 39.875 ,2,2.79,1,0.27,-0.330,0,0
45,1.09,4,225,0.916,19, 39.875 ,2,5.11,1,0.72,-0.326,0,0
45,1.09,4,225,0.916,19, 39.875 ,4,5.11,1,0.72,-0.356,0,0
45,1.09,4,225,0.916,19, 39.875 ,4,5.83,2,0.27,-0.356,0.27,-0.356239
45,1.09,4,225,0.916,19, 39.875 ,1,16.99,2,0.72,-0.331,0.72,-0.357657
45,1.09,4,225,0.916,19, 39.875 ,1,2.79,1,0.27,-0.329,0,0
45,1.09,4,225,0.916,19, 39.875 ,1,4.84,1,0.27,-0.329,0,0
45,1.09,4,225,0.916,19, 39.875 ,1,4.84,1,0.27,-0.358,0,0
45,1.09,4,225,0.916,19, 39.875 ,1,2.79,1,0.27,-0.359,0,0
45,1.09,4,225,0.916,19, 39.875 ,1,16.97,2,0.72,-0.362,0.72,-0.35188
45,1.09,4,45,0.916,19, 39.875 ,4,5.11,1,0.72,-0.387,0,0
45,1.09,4,45,0.916,19, 39.875 ,4,5.83,2,0.27,-0.387,0.27,-0.386828
45,1.09,4,45,0.916,19, 39.875 ,2,5.11,1,0.72,0.589,0,0
45,1.09,4,45,0.916,19, 39.875 ,2,17.75,1,0.72,0.595,0,0
45,1.09,4,45,0.916,19, 39.875 ,1,17.58,1,0.72,-0.387,0,0
45,1.09,4,45,0.916,19, 39.875 ,1,2.79,1,0.27,-0.385,0,0
45,1.09,4,45,0.916,19, 39.875 ,1,4.84,1,0.27,-0.385,0,0
45,1.09,4,45,0.916,19, 39.875 ,2,4.84,1,0.27,0.594,0,0
45,1.09,4,45,0.916,19, 39.875 ,2,2.79,1,0.27,0.593,0,0
45,1.09,4,45,0.916,19, 39.875 ,1,4.84,1,0.27,0.594,0,0
45,1.09,4,45,0.916,19, 39.875 ,1,2.79,1,0.27,0.593,0,0
45,1.09,4,45,0.916,19, 39.875 ,1,16.97,2,0.72,0.575,0.72,0.0954868
45,1.09,4,45,0.916,19, 39.875 ,1,4.84,1,0.27,-0.385,0,0
45,1.09,4,45,0.916,19, 39.875 ,1,16.97,2,0.72,-0.387,0.72,0.0204459
45,1.09,4,45,0.916,19, 39.875 ,1,2.79,1,0.27,-0.385,0,0
45,1.09,4,45,0.916,19, 39.875 ,0,160.00,,,,,
45,1.09,4,135,1.048,21, 39.875 ,2,5.23,2,0.72,0.605,0.72,0.578431
45,1.09,4,135,1.048,21, 39.875 ,2,5.24,2,0.72,0.592,0.27,0.58317
45,1.09,4,135,1.048,21, 39.875 ,2,5.24,2,0.72,-0.352,0.27,-0.355522
45,1.09,4,135,1.048,21, 39.875 ,1,5.24,2,0.27,-0.355,0.72,-0.357147
45,1.09,4,45,0.916,19, 39.875 ,1,5.24,2,0.72,0.611,0.27,0.592788
45,1.09,4,45,0.916,19, 39.875 ,1,5.44,2,0.72,-0.386,0.27,-0.388081
45,1.09,4,45,0.916,19, 39.875 ,1,5.23,2,0.72,-0.387,0.27,-0.38533
45,1.09,4,45,0.916,19, 39.875 ,2,5.24,2,0.72,0.601,0.27,0.591099
45,1.09,4,315,1.048,21, 39.875 ,1,5.23,2,0.72,-0.389,0.27,-0.390697
45,1.09,4,315,1.048,21, 39.875 ,2,5.23,2,0.72,-0.394,0.27,-0.390387
45,1.09,4,315,1.048,21, 39.875 ,2,5.23,2,0.72,-0.332,0.27,-0.390195
45,1.09,4,315,1.048,21, 39.875 ,2,5.23,2,0.27,-0.336,0.72,-0.329193
45,1.09,4,225,0.916,19, 39.875 ,2,5.24,2,0.72,-0.325,0.27,-0.330162
45,1.09,4,225,0.916,19, 39.875 ,1,5.23,2,0.72,-0.358,0.27,-0.358511
45,1.09,4,225,0.916,19, 39.875 ,1,5.23,2,0.72,-0.360,0.27,-0.358118
45,1.09,4,225,0.916,19, 39.875 ,1,5.23,2,0.72,-0.328,0.27,-0.330131
45,1.09,4,135,1.048,21, 39.875 ,0,26.00,,,,,
45,1.09,4,315,1.048,21, 39.875 ,0,22.00,,,,,
45,1.09,4,45,0.916,19, 39.875 ,0,26.00,,,,,
45,1.09,4,225,0.916,19, 39.875 ,0,22.00,,,,,
45,1.09,4,135,1.048,21, 67.375 ,2,17.35,1,0.72,0.796,0,0
45,1.09,4,135,1.048,21, 67.375 ,2,17.75,1,0.72,0.764,0,0
45,1.09,4,135,1.048,21, 67.375 ,1,17.58,1,0.72,-0.361,0,0
45,1.09,4,135,1.048,21, 67.375 ,2,17.35,1,0.72,-0.349,0,0
45,1.09,4,135,1.048,21, 67.375 ,2,11.40,2,0.72,0.784,0.72,0.257325
45,1.09,4,135,1.048,21, 67.375 ,2,2.79,1,0.27,0.755,0,0
45,1.09,4,135,1.048,21, 67.375 ,2,4.84,1,0.27,0.756,0,0
45,1.09,4,135,1.048,21, 67.375 ,2,2.64,1,0.27,0.755,0,0
45,1.09,4,135,1.048,21, 67.375 ,2,4.58,1,0.27,0.758,0,0
45,1.09,4,135,1.048,21, 67.375 ,2,4.83,1,0.72,0.762,0,0
45,1.09,4,135,1.048,21, 67.375 ,2,4.84,1,0.27,-0.352,0,0
45,1.09,4,135,1.048,21, 67.375 ,2,2.79,1,0.27,-0.352,0,0
45,1.09,4,135,1.048,21, 67.375 ,1,4.84,1,0.27,-0.352,0,0
45,1.09,4,135,1.048,21, 67.375 ,1,2.79,1,0.27,-0.352,0,0
45,1.09,4,135,1.048,21, 67.375 ,4,5.11,1,0.72,-0.358,0,0
45,1.09,4,135,1.048,21, 67.375 ,2,11.56,2,0.72,0.156,0.72,-0.351432
45,1.09,4,135,1.048,21, 67.375 ,4,5.83,2,0.27,-0.358,0.27,-0.358482
45,1.09,4,315,1.048,21, 67.375 ,1,17.58,1,0.72,-0.387,0,0
45,1.09,4,315,1.048,21, 67.375 ,4,5.11,1,0.72,-0.386,0,0
45,1.09,4,315,1.048,21, 67.375 ,4,5.83,2,0.27,-0.386,0.27,-0.386029
45,1.09,4,315,1.048,21, 67.375 ,1,4.84,1,0.27,-0.389,0,0
45,1.09,4,315,1.048,21, 67.375 ,2,4.84,1,0.27,-0.389,0,0
45,1.09,4,315,1.048,21, 67.375 ,2,2.79,1,0.27,-0.389,0,0
45,1.09,4,315,1.048,21, 67.375 ,1,2.79,1,0.27,-0.389,0,0
45,1.09,4,315,1.048,21, 67.375 ,2,17.35,1,0.72,-0.410,0,0
45,1.09,4,315,1.048,21, 67.375 ,2,11.56,2,0.72,-0.434,0.72,-0.308249
45,1.09,4,315,1.048,21, 67.375 ,2,5.11,1,0.72,-0.252,0,0
45,1.09,4,315,1.048,21, 67.375 ,2,17.75,1,0.72,-0.246,0,0
45,1.09,4,315,1.048,21, 67.375 ,2,2.79,1,0.27,-0.262,0,0
45,1.09,4,315,1.048,21, 67.375 ,2,4.84,1,0.27,-0.260,0,0
45,1.09,4,315,1.048,21, 67.375 ,2,4.94,1,0.27,-0.261,0,0
45,1.09,4,315,1.048,21, 67.375 ,2,2.79,1,0.27,-0.260,0,0
45,1.09,4,315,1.048,21, 67.375 ,2,17.35,1,0.72,-0.220,0,0
45,1.09,4,315,1.048,21, 67.375 ,2,11.56,2,0.72,-0.216,0.72,-0.300013
45,1.09,4,225,0.916,19, 67.375 ,2,17.75,1,0.72,-0.244,0,0
45,1.09,4,225,0.916,19, 67.375 ,1,17.54,1,0.72,-0.359,0,0
45,1.09,4,225,0.916,19, 67.375 ,1,2.79,1,0.27,-0.365,0,0
45,1.09,4,225,0.916,19, 67.375 ,1,4.84,1,0.27,-0.365,0,0
45,1.09,4,225,0.916,19, 67.375 ,2,4.84,1,0.27,-0.253,0,0
45,1.09,4,225,0.916,19, 67.375 ,2,2.79,1,0.27,-0.255,0,0
45,1.09,4,225,0.916,19, 67.375 ,2,5.11,1,0.72,-0.252,0,0
45,1.09,4,225,0.916,19, 67.375 ,4,5.11,1,0.72,-0.358,0,0
45,1.09,4,225,0.916,19, 67.375 ,4,5.83,2,0.27,-0.358,0.27,-0.358516
45,1.09,4,225,0.916,19, 67.375 ,1,16.99,2,0.72,-0.213,0.72,-0.302737
45,1.09,4,225,0.916,19, 67.375 ,1,2.79,1,0.27,-0.253,0,0
45,1.09,4,225,0.916,19, 67.375 ,1,4.84,1,0.27,-0.253,0,0
45,1.09,4,225,0.916,19, 67.375 ,1,4.84,1,0.27,-0.365,0,0
45,1.09,4,225,0.916,19, 67.375 ,1,2.79,1,0.27,-0.365,0,0
45,1.09,4,225,0.916,19, 67.375 ,1,16.97,2,0.72,-0.370,0.72,-0.309514
45,1.09,4,45,0.916,19, 67.375 ,4,5.11,1,0.72,-0.386,0,0
45,1.09,4,45,0.916,19, 67.375 ,4,5.83,2,0.27,-0.386,0.27,-0.386023
45,1.09,4,45,0.916,19, 67.375 ,2,5.11,1,0.72,0.763,0,0
45,1.09,4,45,0.916,19, 67.375 ,2,17.75,1,0.72,0.774,0,0
45,1.09,4,45,0.916,19, 67.375 ,1,17.58,1,0.72,-0.387,0,0
45,1.09,4,45,0.916,19, 67.375 ,1,2.79,1,0.27,-0.385,0,0
45,1.09,4,45,0.916,19, 67.375 ,1,4.84,1,0.27,-0.385,0,0
45,1.09,4,45,0.916,19, 67.375 ,2,4.84,1,0.27,0.772,0,0
45,1.09,4,45,0.916,19, 67.375 ,2,2.79,1,0.27,0.771,0,0
45,1.09,4,45,0.916,19, 67.375 ,1,4.84,1,0.27,0.771,0,0
45,1.09,4,45,0.916,19, 67.375 ,1,2.79,1,0.27,0.771,0,0
45,1.09,4,45,0.916,19, 67.375 ,1,16.97,2,0.72,0.760,0.72,0.194675
45,1.09,4,45,0.916,19, 67.375 ,1,4.84,1,0.27,-0.385,0,0
45,1.09,4,45,0.916,19, 67.375 ,1,16.97,2,0.72,-0.389,0.72,0.0963241
45,1.09,4,45,0.916,19, 67.375 ,1,2.79,1,0.27,-0.385,0,0
45,1.09,4,45,0.916,19, 67.375 ,0,160.00,,,,,
45,1.09,4,135,1.048,21, 67.375 ,2,5.23,2,0.72,0.786,0.72,0.749396
45,1.09,4,135,1.048,21, 67.375 ,2,5.24,2,0.72,0.771,0.27,0.756505
45,1.09,4,135,1.048,21, 67.375 ,2,5.24,2,0.72,-0.347,0.27,-0.352038
45,1.09,4,135,1.048,21, 67.375 ,1,5.24,2,0.27,-0.352,0.72,-0.359304
45,1.09,4,45,0.916,19, 67.375 ,1,5.24,2,0.72,0.795,0.27,0.768987
45,1.09,4,45,0.916,19, 67.375 ,1,5.44,2,0.72,-0.388,0.27,-0.389563
45,1.09,4,45,0.916,19, 67.375 ,1,5.23,2,0.72,-0.386,0.27,-0.385362
45,1.09,4,45,0.916,19, 67.375 ,2,5.24,2,0.72,0.783,0.27,0.769171
45,1.09,4,315,1.048,21, 67.375 ,1,5.23,2,0.72,-0.387,0.27,-0.388362
45,1.09,4,315,1.048,21, 67.375 ,2,5.23,2,0.72,-0.394,0.27,-0.388662
45,1.09,4,315,1.048,21, 67.375 ,2,5.23,2,0.72,-0.239,0.27,-0.388548
45,1.09,4,315,1.048,21, 67.375 ,2,5.23,2,0.27,-0.264,0.72,-0.239703
45,1.09,4,225,0.916,19, 67.375 ,2,5.24,2,0.72,-0.235,0.27,-0.25446
45,1.09,4,225,0.916,19, 67.375 ,1,5.23,2,0.72,-0.364,0.27,-0.365289
45,1.09,4,225,0.916,19, 67.375 ,1,5.23,2,0.72,-0.368,0.27,-0.365402
45,1.09,4,225,0.916,19, 67.375 ,1,5.23,2,0.72,-0.226,0.27,-0.261018
45,1.09,4,135,1.048,21, 67.375 ,0,26.00,,,,,
45,1.09,4,315,1.048,21, 67.375 ,0,22.00,,,,,
45,1.09,4,45,0.916,19, 67.375 ,0,26.00,,,,,
45,1.09,4,225,0.916,19, 67.375 ,0,22.00,,,,,
45,1.09,4,135,1.048,21, 94.875 ,2,17.35,1,0.72,0.924,0,0
45,1.09,4,135,1.048,21, 94.875 ,2,17.75,1,0.72,0.815,0,0
45,1.09,4,135,1.048,21, 94.875 ,1,17.58,1,0.72,-0.363,0,0
45,1.09,4,135,1.048,21, 94.875 ,2,17.35,1,0.72,-0.339,0,0
45,1.09,4,135,1.048,21, 94.875 ,2,11.40,2,0.72,0.935,0.72,0.389546
45,1.09,4,135,1.048,21, 94.875 ,2,2.79,1,0.27,0.767,0,0
45,1.09,4,135,1.048,21, 94.875 ,2,4.84,1,0.27,0.775,0,0
45,1.09,4,135,1.048,21, 94.875 ,2,2.64,1,0.27,0.770,0,0
45,1.09,4,135,1.048,21, 94.875 ,2,4.58,1,0.27,0.781,0,0
45,1.09,4,135,1.048,21, 94.875 ,2,4.83,1,0.72,0.778,0,0
45,1.09,4,135,1.048,21, 94.875 ,2,4.84,1,0.27,-0.347,0,0
45,1.09,4,135,1.048,21, 94.875 ,2,2.79,1,0.27,-0.347,0,0
45,1.09,4,135,1.048,21, 94.875 ,1,4.84,1,0.27,-0.347,0,0
45,1.09,4,135,1.048,21, 94.875 ,1,2.79,1,0.27,-0.347,0,0
45,1.09,4,135,1.048,21, 94.875 ,4,5.11,1,0.72,-0.361,0,0
45,1.09,4,135,1.048,21, 94.875 ,2,11.56,2,0.72,0.257,0.72,-0.342594
45,1.09,4,135,1.048,21, 94.875 ,4,5.83,2,0.27,-0.360,0.27,-0.359896
45,1.09,4,315,1.048,21, 94.875 ,1,17.58,1,0.72,-0.388,0,0
45,1.09,4,315,1.048,21, 94.875 ,4,5.11,1,0.72,-0.386,0,0
45,1.09,4,315,1.048,21, 94.875 ,4,5.83,2,0.27,-0.386,0.27,-0.385931
45,1.09,4,315,1.048,21, 94.875 ,1,4.84,1,0.27,-0.381,0,0
45,1.09,4,315,1.048,21, 94.875 ,2,4.84,1,0.27,-0.381,0,0
45,1.09,4,315,1.048,21, 94.875 ,2,2.79,1,0.27,-0.381,0,0
45,1.09,4,315,1.048,21, 94.875 ,1,2.79,1,0.27,-0.381,0,0
45,1.09,4,315,1.048,21, 94.875 ,2,17.35,1,0.72,-0.393,0,0
45,1.09,4,315,1.048,21, 94.875 ,2,11.56,2,0.72,-0.413,0.72,-0.30826
45,1.09,4,315,1.048,21, 94.875 ,2,5.11,1,0.72,-0.296,0,0
45,1.09,4,315,1.048,21, 94.875 ,2,17.75,1,0.72,-0.292,0,0
45,1.09,4,315,1.048,21, 94.875 ,2,2.79,1,0.27,-0.300,0,0
45,1.09,4,315,1.048,21, 94.875 ,2,4.84,1,0.27,-0.299,0,0
45,1.09,4,315,1.048,21, 94.875 ,2,4.94,1,0.27,-0.299,0,0
45,1.09,4,315,1.048,21, 94.875 ,2,2.79,1,0.27,-0.300,0,0
45,1.09,4,315,1.048,21, 94.875 ,2,17.35,1,0.72,-0.284,0,0
45,1.09,4,315,1.048,21, 94.875 ,2,11.56,2,0.72,-0.283,0.72,-0.308925
45,1.09,4,225,0.916,19, 94.875 ,2,17.75,1,0.72,-0.292,0,0
45,1.09,4,225,0.916,19, 94.875 ,1,17.54,1,0.72,-0.360,0,0
45,1.09,4,225,0.916,19, 94.875 ,1,2.79,1,0.27,-0.360,0,0
45,1.09,4,225,0.916,19, 94.875 ,1,4.84,1,0.27,-0.361,0,0
45,1.09,4,225,0.916,19, 94.875 ,2,4.84,1,0.27,-0.295,0,0
45,1.09,4,225,0.916,19, 94.875 ,2,2.79,1,0.27,-0.296,0,0
45,1.09,4,225,0.916,19, 94.875 ,2,5.11,1,0.72,-0.296,0,0
45,1.09,4,225,0.916,19, 94.875 ,4,5.11,1,0.72,-0.358,0,0
45,1.09,4,225,0.916,19, 94.875 ,4,5.83,2,0.27,-0.360,0.27,-0.360031
45,1.09,4,225,0.916,19, 94.875 ,1,16.99,2,0.72,-0.277,0.72,-0.309012
45,1.09,4,225,0.916,19, 94.875 ,1,2.79,1,0.27,-0.295,0,0
45,1.09,4,225,0.916,19, 94.875 ,1,4.84,1,0.27,-0.295,0,0
45,1.09,4,225,0.916,19, 94.875 ,1,4.84,1,0.27,-0.362,0,0
45,1.09,4,225,0.916,19, 94.875 ,1,2.79,1,0.27,-0.362,0,0
45,1.09,4,225,0.916,19, 94.875 ,1,16.97,2,0.72,-0.365,0.72,-0.309098
45,1.09,4,45,0.916,19, 94.875 ,4,5.11,1,0.72,-0.387,0,0
45,1.09,4,45,0.916,19, 94.875 ,4,5.83,2,0.27,-0.386,0.27,-0.38591
45,1.09,4,45,0.916,19, 94.875 ,2,5.11,1,0.72,0.780,0,0
45,1.09,4,45,0.916,19, 94.875 ,2,17.75,1,0.72,0.828,0,0
45,1.09,4,45,0.916,19, 94.875 ,1,17.58,1,0.72,-0.381,0,0
45,1.09,4,45,0.916,19, 94.875 ,1,2.79,1,0.27,-0.380,0,0
45,1.09,4,45,0.916,19, 94.875 ,1,4.84,1,0.27,-0.380,0,0
45,1.09,4,45,0.916,19, 94.875 ,2,4.84,1,0.27,0.811,0,0
45,1.09,4,45,0.916,19, 94.875 ,2,2.79,1,0.27,0.806,0,0
45,1.09,4,45,0.916,19, 94.875 ,1,4.84,1,0.27,0.809,0,0
45,1.09,4,45,0.916,19, 94.875 ,1,2.79,1,0.27,0.806,0,0
45,1.09,4,45,0.916,19, 94.875 ,1,16.97,2,0.72,0.928,0.72,0.336114
45,1.09,4,45,0.916,19, 94.875 ,1,4.84,1,0.27,-0.380,0,0
45,1.09,4,45,0.916,19, 94.875 ,1,16.97,2,0.72,-0.382,0.72,0.1983
45,1.09,4,45,0.916,19, 94.875 ,1,2.79,1,0.27,-0.380,0,0
45,1.09,4,45,0.916,19, 94.875 ,0,160.00,,,,,
45,1.09,4,135,1.048,21, 94.875 ,2,5.23,2,0.72,0.866,0.72,0.736662
45,1.09,4,135,1.048,21, 94.875 ,2,5.24,2,0.72,0.847,0.27,0.774474
45,1.09,4,135,1.048,21, 94.875 ,2,5.24,2,0.72,-0.338,0.27,-0.348609
45,1.09,4,135,1.048,21, 94.875 ,1,5.24,2,0.27,-0.348,0.72,-0.357489
45,1.09,4,45,0.916,19, 94.875 ,1,5.24,2,0.72,0.913,0.27,0.780495
45,1.09,4,45,0.916,19, 94.875 ,1,5.44,2,0.72,-0.378,0.27,-0.383635
45,1.09,4,45,0.916,19, 94.875 ,1,5.23,2,0.72,-0.377,0.27,-0.381577
45,1.09,4,45,0.916,19, 94.875 ,2,5.24,2,0.72,0.868,0.27,0.816251
45,1.09,4,315,1.048,21, 94.875 ,1,5.23,2,0.72,-0.389,0.27,-0.381159
45,1.09,4,315,1.048,21, 94.875 ,2,5.23,2,0.72,-0.388,0.27,-0.380921
45,1.09,4,315,1.048,21, 94.875 ,2,5.23,2,0.72,-0.291,0.27,-0.381263
45,1.09,4,315,1.048,21, 94.875 ,2,5.23,2,0.27,-0.301,0.72,-0.289691
45,1.09,4,225,0.916,19, 94.875 ,2,5.24,2,0.72,-0.288,0.27,-0.296811
45,1.09,4,225,0.916,19, 94.875 ,1,5.23,2,0.72,-0.362,0.27,-0.361192
45,1.09,4,225,0.916,19, 94.875 ,1,5.23,2,0.72,-0.364,0.27,-0.360792
45,1.09,4,225,0.916,19, 94.875 ,1,5.23,2,0.72,-0.285,0.27,-0.298536
45,1.09,4,135,1.048,21, 94.875 ,0,26.00,,,,,
45,1.09,4,315,1.048,21, 94.875 ,0,22.00,,,,,
45,1.09,4,45,0.916,19, 94.875 ,0,26.00,,,,,
45,1.09,4,225,0.916,19, 94.875 ,0,22.00,,,,,